,image_name,label
0,8315145976417741609-,14
1,4881270182438987489-,14
2,8494915813907530288-,14
3,2695015159709035076-,14
4,2633913516366561186,14
5,7441156182914712610-,14
6,3258405209854316553-,14
7,9019801161353319525,14
8,9202373721641279404,14
9,4175834361728839141-,14
10,1684014932379295307-,14
11,5219633818684541136-,14
12,9008598596223401393-,14
13,1421950319080207983,14
14,3602596397928464161-,14
15,8202531581632664741-,14
16,6330310782193497430-,14
17,3824943699366380474-,14
18,841300638218693974,14
19,6799050747630105104,14
20,8879370730583309317-,14
21,7003897152347288926,14
22,1385167647709759632,14
23,3914224879346010852-,14
24,3473493917235015477-,14
25,7705678328890852634,14
26,7247118385957280461-,14
27,4002625058819545011-,14
28,7988517831982044490,14
29,3624038955438047220,14
30,3443943830695555247,14
31,6410146455486987507,14
32,825271095201364507,14
33,6901611967871959141,14
34,6695794938120219334-,14
35,3008573742860914478-,14
36,8448214177101676704,14
37,7551775069265284201-,14
38,3996123788065242901,14
39,2253506702076171955,14
40,314201941901155589-00,14
41,444085748352023482200,14
42,8527771107309232646-00,14
43,237269260136996123700,14
44,324234609676134766-00,14
45,8843890770018724794-00,14
46,553840957395636371500,14
47,759163341002926670200,14
48,370140482654181592500,14
49,32106643135734444000,14
50,3690372991849253243-00,14
51,1713092798323282465-00,14
52,4740215893487924948-00,14
53,831446979621548362900,14
54,8571172568363123944-00,14
55,8161179830683636988-00,14
56,509517581305781432000,14
57,569351025188955316800,14
58,445073801413768056200,14
59,5837510511655274054-00,14
60,4647040282040232875-00,14
61,399640472035168969-00,14
62,6701780887522612746-00,14
63,592631348168771938100,14
64,619917549788023219500,14
65,1320362685575713422-00,14
66,822442174785462210200,14
67,511281315642656109800,14
68,512449795603218567700,14
69,897846813861440219700,14
70,8287165312069390960-00,14
71,4841431698943546282-00,14
72,5460070884304509560-00,14
73,471521808753142926300,14
74,44469846479250985600,14
75,7341745520660417674-00,14
76,562894966406596059600,14
77,28028303825642706400,14
78,355596774570952184200,14
79,173382965662451659500,14
80,583829935260454978200,14
81,1413105977276165293-00,14
82,798830543766649224000,14
83,3115926470416355510-00,14
84,31914926041901749400,14
85,5125001349275451900,14
86,591269172198122788700,14
87,6570756361216187850-00,14
88,917857245953246380300,14
89,8483244550112200208-00,14
90,3305561888000171921-00,14
91,391891112859643632600,14
92,890032277276303883-00,14
93,8066048142860058219-00,14
94,263375232815727241600,14
95,4143785499498657349-00,14
96,523409288094618351800,14
97,397335079238562224500,14
98,2723206960453336508-00,14
99,2909057862992626475-00,14
100,114233151224987277700,14
101,108173876777469806400,14
102,8328360925487098377-00,14
103,8524629445940905124-00,14
104,3194427929496469908-00,14
105,5302351079603714894-00,14
106,864489671024043733-00,14
107,747143879842486119300,14
108,457418097393431726900,14
109,3878507436709338495-00,14
110,3777613381153673267-00,14
111,475692628161273347300,14
112,475332738727560646200,14
113,1393893629197621925-00,14
114,750408611789055374500,14
115,21457783729977116300,14
116,7840533785641767925-00,14
117,784837130567651004600,14
118,2377765926476758489-00,14
119,3659837676524598006-00,14
120,5109845054532779200-00,14
121,399461186984247112300,14
122,362526397163149081200,14
123,6533878969442036431-00,14
124,7032162892072121351-00,14
125,6822341196433700655-00,14
126,342602292512582148900,14
127,275516792490680574500,14
128,714835507960260951700,14
129,458114236132018907800,14
130,3242701328987169054-00,14
131,6362270039677644870-00,14
132,1705493833626312709-00,14
133,122648826371354885400,14
134,305481878811194456-00,14
135,5521518922610086767-00,14
136,426775122434143317600,14
137,442070558772589498700,14
138,602025687158317293300,14
139,6826227334743990329-00,14
140,579618974525754187700,14
141,5332928209240520124-00,14
142,2889459204778107361-00,14
143,1185007144574979214-00,14
144,1591142466577576100,14
145,634717076983825875400,14
146,5690661283043616844-00,14
147,3500005467254679460-00,14
148,6680901553602135842-00,14
149,6924185957665362307-00,14
150,3519706086603590364-00,14
151,750768049360421753500,14
152,224867079355445970400,14
153,298420569333380203300,14
154,251768279385287245300,14
155,9058671706579357512-00,14
156,372151604602304086000,14
157,509271906622437326400,14
158,738348439830229979700,14
159,324096670145220692700,14
160,897804353278669009500,14
161,598087119406055083700,14
162,3981498041286164066-00,14
163,5220642648659611454-00,14
164,2369785556108959671-00,14
165,6225250402168978701-00,14
166,6323069280009360933-00,14
167,5435117734702745374-00,14
168,471580016647220532300,14
169,5911783994051581274-00,14
170,9057675489662910671-00,14
171,4048064573030059851-00,14
172,2287310597117168898-00,14
173,387588712170264956900,14
174,418895412972397768400,14
175,4650817393110480468-00,14
176,94933146931480170700,14
177,348317277234735674900,14
178,168264992473772264900,14
179,392412280750729181600,14
180,315404411537862701400,14
181,813504735517182999600,14
182,4594473370062321121-00,14
183,7731986704589462265-00,14
184,3562805611288559209-00,14
185,909710619825870959500,14
186,652030449151883822600,14
187,294949869986202541300,14
188,7935635623544264354-00,14
189,48485786710378705501,14
190,5085696128520761798-01,14
191,6748042734969415146-01,14
192,1772526755439488742-01,14
193,1042181231792130409-01,14
194,8541482446494702697-01,14
195,5080169611851580744-01,14
196,2404154370009183011-01,14
197,5776238458951491662-01,14
198,21658945627729385901,14
199,309767016552891471401,14
200,239474408965656895901,14
201,1499960909366607558-01,14
202,804966827180205705801,14
203,429778894373368343301,14
204,432210457016471308301,14
205,1852515343688411236-01,14
206,9214010800566126935-01,14
207,429175447123353530201,14
208,7955041689496638115-01,14
209,2948901118194297559-01,14
210,573126975922502336901,14
211,851988112240073771101,14
212,170802626103718261901,14
213,8584761246385925259-01,14
214,6840862894615669814-01,14
215,6780575920523997969-01,14
216,6449845968772186877-01,14
217,1481276432435847587-01,14
218,404217505143913942501,14
219,364718716177294561501,14
220,1379209998435230399-01,14
221,389102737352432387901,14
222,2492935346271484990-01,14
223,867505014953776454901,14
224,114079655277905699101,14
225,33248112391259353601,14
226,8179150545249472477-01,14
227,452739792023164365-01,14
228,219829040931321439-01,14
229,727427779276288424001,14
230,1091139878177402518-01,14
231,750223401268218371301,14
232,1277062009356024291-01,14
233,248568539957790775301,14
234,8127287611632290105-01,14
235,8267469385988198663-01,14
236,63075841483913724301,14
237,5195684762593932341-01,14
238,4171716899098002367-01,14
239,5691520527289469969-01,14
240,733143254564352344001,14
241,2176124026542016535-01,14
242,347978902065584895701,14
243,3016035475423005029-01,14
244,578085833818695974201,14
245,4262086944621921081-01,14
246,2212612118903748656-01,14
247,90007682594527252-01,14
248,3079064744148612767-01,14
249,4649823611123949682-01,14
250,291876260964700054301,14
251,2197288730003519201,14
252,9222952585485384839-01,14
253,2426712790532462839-01,14
254,4163369745125299842-01,14
255,178453328036137648401,14
256,3063384289601848062-01,14
257,5289085106868654487-01,14
258,812121174989925332601,14
259,978671138545111040-01,14
260,680644907384018374701,14
261,351680074129579266-01,14
262,1693333458555273908-01,14
263,114420504028589203-01,14
264,3056446281950954300-01,14
265,271861699905318766201,14
266,868081898575291392-01,14
267,2390190135425189003-01,14
268,3819458610371171367-01,14
269,697026635801802523301,14
270,428667249220641181601,14
271,3862382499694021889-01,14
272,3672173430092508811-01,14
273,4331021423501137738-01,14
274,235859706924938579201,14
275,4070671606701874916-01,14
276,8899445119914577325-01,14
277,6271011913489664055-01,14
278,2799277894595234201,14
279,922302926476742679101,14
280,533846496402662555601,14
281,102454280227414720701,14
282,806264468357813809-01,14
283,646426445778149599401,14
284,782260414541998184801,14
285,229344046806476000010,14
286,4759895150045040984-10,14
287,7559055751324336428-10,14
288,2855574588506254955-10,14
289,2855725249618489568-10,14
290,744995011163117107310,14
291,5053547893256390165-10,14
292,639671433204972611410,14
293,5096022252344679051-10,14
294,191851321700552032310,14
295,3064823130690443428-10,14
296,8946587754305519794-10,14
297,4570182082811660956-10,14
298,5109310832700428286-10,14
299,3691138611113587861-10,14
300,467567593074926307910,14
301,3481355514549017381-10,14
302,5584323218178047857-10,14
303,841230307241012747410,14
304,1045419737682808415-10,14
305,690439560950067502310,14
306,9140724323651035568-10,14
307,2343460097754096439-10,14
308,522749623000249128110,14
309,836589229499619305410,14
310,406334657919114905510,14
311,4006751718775071263-10,14
312,875122194843665506910,14
313,6389020464161128052-10,14
314,283911850758949378610,14
315,7430646916687969558-10,14
316,7939588958817299502-10,14
317,5289321135410416411-10,14
318,249371990264506516310,14
319,6870417100222720860-10,14
320,8587387928057943505-10,14
321,7471060152876670914-10,14
322,914762269159721917910,14
323,702365079250448529510,14
324,1789847994035133324-10,14
325,1526718566969618917-10,14
326,512868701485752531810,14
327,782780392329248203910,14
328,1885926924758873413-10,14
329,4818087608619083897-10,14
330,4865265143135805122-10,14
331,818631632695030316310,14
332,6779384020227495084-10,14
333,643624022605386828310,14
334,6167844699023885677-10,14
335,5199161243249247912-10,14
336,7557592906111012105-10,14
337,2215405514543477321-10,14
338,126916876138486099310,14
339,916887774051588031210,14
340,6570055530113834666-10,14
341,3290580887660939541-10,14
342,4911778972988480967-10,14
343,324903557923364702810,14
344,895716884215690830210,14
345,617207812474036914010,14
346,1999890750094048624-10,14
347,640947762933559568810,14
348,740668776325612707110,14
349,264059054322042913210,14
350,379936653994843810110,14
351,4829637976110933436-10,14
352,278950650430537526110,14
353,394842632202922263710,14
354,495343502379750951010,14
355,3166320913868342314-10,14
356,6410626179192894399-10,14
357,210453473866409936010,14
358,1951108370099377724-10,14
359,7701213318766833953-10,14
360,480564012553969991210,14
361,7422540715221799888-10,14
362,33545663279698696710,14
363,1680808080101450499-10,14
364,2612701507502198141-10,14
365,267456022147347616710,14
366,97245960479151462310,14
367,3970420975166042006-10,14
368,122167362257475776910,14
369,1728671513786409313-10,14
370,435816527198458876110,14
371,4229095975720355084-10,14
372,373095294052038129210,14
373,4806605019655560101-10,14
374,293681204794914656210,14
375,296127475404032521810,14
376,138644419528287686410,14
377,675635849141150865110,14
378,6010627579907773515-10,14
379,513728603086930717210,14
380,273386867754182040410,14
381,3717633614283526896-10,14
382,6883820013996153243-10,14
383,832315785928590608210,14
384,699837965923815650010,14
385,5936506144261751050-10,14
386,9021788684176701070-10,14
387,217037046187099709710,14
388,113154728524807526510,14
389,680126491693342681110,14
390,3231269831066258933-10,14
391,4779793254006220954-10,14
392,6864609146044671753-10,14
393,2883281077378559506-10,14
394,344133055870097269710,14
395,2631478682709273653-10,14
396,1755008255504346797-10,14
397,4334159714148673324-10,14
398,5988223125441826085-10,14
399,2578593225682732449-10,14
400,684530556632354730710,14
401,5778810672507592720-10,14
402,732739594018756988010,14
403,58841242300685358010,14
404,815431048461859761210,14
405,620379550839589470310,14
406,5232913256206115747-10,14
407,674174435444227536010,14
408,780325301551988480410,14
409,14945823493060279410,14
410,577094221232668807610,14
411,659152622134038537810,14
412,489564470596963617610,14
413,184058419993152098-10,14
414,286733462174541528910,14
415,1447854678695441005-10,14
416,873654439556526268810,14
417,456191041781517861610,14
418,5356505316748520377-10,14
419,572099385793172328810,14
420,7973792906668647721-10,14
421,348830747607687684110,14
422,505433574225374223810,14
423,836139344234975702310,14
424,247203626293703333910,14
425,338068338618069321910,14
426,151435488055748270610,14
427,7526355153853638399-10,14
428,250029975163132351710,14
429,4241707065477273515-10,14
430,569822110490550284510,14
431,611657823967867800010,14
432,529271292078447666810,14
433,5486957894012388655-10,14
434,2053320505399984333-10,14
435,912977706432417644-10,14
436,29574962548439770010,14
437,1277544862218517624-10,14
438,292002440037615618010,14
439,1417783871030828273-10,14
440,738356245577407179810,14
441,908129078715379064410,14
442,7922843728942918697-10,14
443,4602235290932081886-10,14
444,579651174209803832410,14
445,2289073942179322554-10,14
446,675792505803230407510,14
447,4089676416899308461-10,14
448,1276761630061517563-10,14
449,227556172747041976910,14
450,4896186839167433572-10,14
451,5389103261523713036-10,14
452,282608452322343669610,14
453,726770890258624506210,14
454,1069434484504661617-10,14
455,7147813860917311238-10,14
456,503856250027085594110,14
457,2271788587344827405-10,14
458,1733774043037193190-10,14
459,1433702133751465542-10,14
460,1201693806480902467-10,14
461,9148794773721040239-10,14
462,183560486778554511710,14
463,755995364840948719110,14
464,697115477749656693510,14
465,52948532986485910,14
466,387265515933574286-10,14
467,8137940177058268106-10,14
468,5224197438426683032-10,14
469,8804570184870011696-10,14
470,683534171296989423110,14
471,4316502921889140140-10,14
472,489026668818312673910,14
473,2210103666264521906-10,14
474,339103809992079412410,14
475,503977788302161480710,14
476,1842542009721702757-10,14
477,503103166367865215210,14
478,116209855338632528610,14
479,3084220370237662240-10,14
480,473536752483373951510,14
481,743143333658110025410,14
482,767425962673397594910,14
483,4735838847873849820-10,14
484,730841001640862142110,14
485,486008753363036555710,14
486,829134154530500793110,14
487,2951621176761960186-10,14
488,705305872091097876610,14
489,6944449463358527056-10,14
490,338269340570541412010,14
491,556508938556702428210,14
492,5992910846646104355-10,14
493,20244908633187292-10,14
494,271957480825272057210,14
495,83903396478624244510,14
496,7681995676267933787-10,14
497,9081377773705464914-10,14
498,7968574948086458463-10,14
499,177670622973468947510,14
500,446704916438400135710,14
501,868623395691102136410,14
502,321620362949508079910,14
503,2806577106363962013-10,14
504,8453983123534220830-10,14
505,7605242348063462988-10,14
506,482008814286496172710,14
507,642595302569990910410,14
508,910461571371491423510,14
509,625112081138433240110,14
510,129981929792133723510,14
511,592207083724544155310,14
512,8263785964613417687-10,14
513,98763419222197632210,14
514,764130858954726573310,14
515,623678277988019893810,14
516,5097709113725449536-10,14
517,4668442894343524895-10,14
518,6179041817398674414-10,14
519,203042293906460639510,14
520,3523031493348704035-10,14
521,8138244357721564784-10,14
522,7427555394585681528-10,14
523,7413741276403022946-10,14
524,162311325785128563210,14
525,5135961024289485696-10,14
526,6543951854322924548-10,14
527,8528354015988675058-10,14
528,2134413558957605751-10,14
529,660094895718153000110,14
530,420514211591862184310,14
531,485556546642706247310,14
532,157363253722747078710,14
533,117393911467581849810,14
534,403221083226293281810,14
535,739698860189271236210,14
536,1165324951500986116-10,14
537,215884543776319661710,14
538,7406116089657036206-10,14
539,295844953705192179310,14
540,190823304961341488-10,14
541,4518330635647935748-10,14
542,563579164848445237210,14
543,8628043873515467925-10,14
544,2294720719714639314-10,14
545,2821727613374187210,14
546,68807794231565951710,14
547,5448592744797377036-10,14
548,56272977738815252410,14
549,844671787719901503010,14
550,102457791467370437210,14
551,992359502609288348-10,14
552,1295734880563338058-10,14
553,7958223415689135245-10,14
554,845491304786411864910,14
555,177337979184971835510,14
556,1172490150433009665-10,14
557,174848086700792409010,14
558,1125402434714982357-01,14
559,394193832415016506901,14
560,590301109018206690701,14
561,627001622412669882101,14
562,833675494772709228801,14
563,480816912979878230-01,14
564,717575556477912251101,14
565,529650589977517798201,14
566,907393359231915448401,14
567,7442888279776818538-01,14
568,5596972519617885607-01,14
569,5412160382993316889-01,14
570,7578209319745504656-01,14
571,2655907873847376814-01,14
572,1475931833576793860-01,14
573,8173172084416594101,14
574,52239398252274048901,14
575,3903286972575454447-01,14
576,289300243879222896201,14
577,220252668013056932501,14
578,677621379886281025701,14
579,546586994057814778401,14
580,2477621012003305418-01,14
581,8383125568455328831-01,14
582,371242417975014002-01,14
583,8170595511058691828-01,14
584,180326700833453887101,14
585,432653724981160665-01,14
586,7601229027033965628-01,14
587,9180726382700618767-01,14
588,6162881422468050824-01,14
589,5599128914643641183-01,14
590,836065387883283246001,14
591,3296801181403365470-01,14
592,6988987648714626472-01,14
593,4924775598373293580-01,14
594,71606291721268418-01,14
595,164587191374659369-01,14
596,606633621929506644701,14
597,667105964114258660501,14
598,1613602314327366207-01,14
599,326023512664420016401,14
600,3041325737266195400-01,14
601,562765567492505198-01,14
602,4169650424949631969-01,14
603,1018374006321620014-01,14
604,350320193800680289701,14
605,1487548763484746851-01,14
606,7434716666694793612-01,14
607,7523587493445108897-01,14
608,6896721681052505738-01,14
609,575668383275706116-01,14
610,613586320384371785901,14
611,182664319744414524601,14
612,6019043429055929726-01,14
613,4245146501272296193-01,14
614,6211485404737456317-01,14
615,550162901526098068201,14
616,3276850224409816647-01,14
617,803408485194702959901,14
618,892573165620852720501,14
619,189050388834265850301,14
620,866187290923353006901,14
621,6924009816387040697-01,14
622,3967877980590972812-01,14
623,3513616127448229078-01,14
624,825900523848258156201,14
625,596086200509931056901,14
626,416604352253148759901,14
627,2677996451482094574-01,14
628,222639624288919586301,14
629,5887919425326561369-01,14
630,2721321607544934302-01,14
631,154011342373215636301,14
632,875585774588845184401,14
633,83356260501406533401,14
634,286852153714333055701,14
635,3414600507716743147-01,14
636,219167832009339501-01,14
637,407544866708341277301,14
638,871242949740546785201,14
639,1620567670537034401-01,14
640,446815555702326337301,14
641,419908959045388326-01,14
642,637809426763598260801,14
643,723152860850395765701,14
644,3726377897314191739-01,14
645,100733083193459638101,14
646,7341744122541253862-01,14
647,429708365461174499-01,14
648,763536579092738406-01,14
649,583585302635778158901,14
650,530626277798367205201,14
651,466126278876308122801,14
652,1665445685190638745-01,14
653,8427718866544090455-01,14
654,392010031241263163001,14
655,727384187772608860-01,14
656,4623454886646895947-01,14
657,1517634717542727048-01,14
658,7101721771752036393-01,14
659,563065258249098403301,14
660,5437564678561343162-01,14
661,2453189682744886506-01,14
662,767289604499029989201,14
663,194752037254410378401,14
664,335778880468168697501,14
665,341099542542189159201,14
666,85922656783712604901,14
667,336069723892606468-01,14
668,463740637207196819001,14
669,3452547447069499223-01,14
670,6857530918994018872-01,14
671,4104673508108147466-01,14
672,7934617154331602854-01,14
673,801857440309509778901,14
674,226373588323621216-01,14
675,7494199214686002010-01,14
676,846695318633510706901,14
677,6041927569329113731-01,14
678,3385189092353849401-01,14
679,757675126070300393801,14
680,436576563330619533601,14
681,930305313306090263-01,14
682,5888814323242634244-01,14
683,3003667314638333138-01,14
684,5118437423643599461-01,14
685,6851372538786335626-01,14
686,698964018688419081101,14
687,4800910921452236352-01,14
688,280842702981116872101,14
689,5837464782912904051-01,14
690,7085824519026672406-01,14
691,468934937964574184201,14
692,8948027647148711508-01,14
693,2708536513167723069-01,14
694,6644223482769418976-01,14
695,605656370671121925301,14
696,315960080028901400301,14
697,1642137187234514489-01,14
698,779822819281301149001,14
699,8414817093963046747-01,14
700,8241617405388055065-01,14
701,4188548045486332983-01,14
702,2783039215448474656-01,14
703,677533993316253472701,14
704,635312769738110212501,14
705,6676267744773137188-01,14
706,337236918869926717701,14
707,1295538395056925864-01,14
708,527606538546375288801,14
709,265073223212662261301,14
710,340377645565500336401,14
711,120770376145911106301,14
712,198983038353647159401,14
713,783761090646513819501,14
714,9021044596027218056-01,14
715,455603289741841329701,14
716,849317826755399986201,14
717,6257747864855227689-01,14
718,7966663058185742731-01,14
719,568889963082020500-01,14
720,871203024660867719301,14
721,279207045676336132001,14
722,1009978793691497211-01,14
723,2568981000273257327-01,14
724,4882825177900447357-01,14
725,232114584267917359-01,14
726,784299018694727910501,14
727,8949594328367100124-01,14
728,1296920933770859005-01,14
729,282972765119574378101,14
730,6577858734220378070-01,14
731,806065757231153927601,14
732,778575297897360667801,14
733,4694274041084133601,14
734,3347722337699642762-01,14
735,372916468023777244801,14
736,212175709850627997101,14
737,34818479430066468401,14
738,1578884119811456179-01,14
739,3834061073111392659-01,14
740,497197078282904970201,14
741,820140535899817092601,14
742,5797391494393237176-01,14
743,8967865416929537933-01,14
744,662892836344601505701,14
745,5544501683289692816-01,14
746,1052588728748758819-01,14
747,640913775559460042501,14
748,527787933989342336401,14
749,897033259989131927301,14
750,226701797404515673-01,14
751,714693169186476871501,14
752,1964355739719219224-01,14
753,656858372058321574801,14
754,8404916765655424656-01,14
755,1757763806898130616-01,14
756,188683352481588673801,14
757,4081510147339511526-01,14
758,116682798727035051501,14
759,727183695439265313301,14
760,4843688527247769001,14
761,6568767253544105323-01,14
762,374749792907405034401,14
763,663021166377248512401,14
764,7733504415484769515-01,14
765,265673585520128907701,14
766,6528426542164697317-01,14
767,425012133918743570701,14
768,8829043006465270936-01,14
769,7862753667694164982-01,14
770,282312597284186689501,14
771,916064877484794650301,14
772,720893616001071604-01,14
773,7299802334695821463-01,14
774,633021609135522890301,14
775,7081819096809597029-01,14
776,1657420424331647601,14
777,2400176289146791093-01,14
778,668955064982145364701,14
779,8596519759392323793-01,14
780,845576806519426295201,14
781,7697646375283818204-01,14
782,5701958045655183079-01,14
783,398100586720388406-01,14
784,8295995681243606661-01,14
785,4544545912637180141-01,14
786,8773452579863197944-01,14
787,7707793001907373018-01,14
788,3723091054731039542-01,14
789,581910216516823444301,14
790,673165745667797452001,14
791,541800811402676781-01,14
792,75069976299944801201,14
793,2786721771267571641-01,14
794,5776976382297977615-01,14
795,181049607397772998901,14
796,6274196354471398412-01,14
797,1498197459925538538-01,14
798,363704484673158989-01,14
799,3741094563035235019-01,14
800,3069968317574095943-01,14
801,2346947271832812986-01,14
802,359754150054133549401,14
803,668239733218152788601,14
804,122015116955137523901,14
805,4489275385680595427-01,14
806,7104441861664523341-01,14
807,483770707776819066201,14
808,7183158801735929892-01,14
809,667074085122855401901,14
810,650562256003213991801,14
811,295371332349136622001,14
812,218109477280057533001,14
813,780952988772476418-01,14
814,1796534906118738476-01,14
815,8827458959201927257-01,14
816,464010572127755528901,14
817,506290163010341933901,14
818,7584190298796179935-01,14
819,170644406227072155101,14
820,272285607831858456801,14
821,4809548926862800294-01,14
822,7361394376204235067-01,14
823,805137176270594265501,14
824,702812819091263396301,14
825,4758279285012255667-01,14
826,892197445214510876601,14
827,498211395361245519301,14
828,5133300717297284039-01,14
829,539399304557271641301,14
830,8942891656557217501,14
831,708166799379642248301,14
832,658939159237467632601,14
833,138917852518071756801,14
834,803383728735257991901,14
835,3680406047471982611-01,14
836,8321099108849582764-01,14
837,757656565901087182201,14
838,875322206665789253601,14
839,5849640532589809334-01,14
840,3272481713052472741-01,14
841,74191854029809832601,14
842,5179500812371386231-01,14
843,908785782735397930901,14
844,259936516185949711101,14
845,4215112407041266162-01,14
846,99117139655770495101,14
847,5658439247229001242-01,14
848,4074626494678897530-01,14
849,3508860036430937653-01,14
850,302386603170020777101,14
851,4304191709828762883-01,14
852,794040914936316369101,14
853,766710411177576215601,14
854,8038364410991551924-01,14
855,691430159437662234001,14
856,273886950488289347601,14
857,304903591641953184-01,14
858,3812411636339313389-01,14
859,632913078993977887801,14
860,497801363283780199701,14
861,855362167464217795701,14
862,145632992312944517801,14
863,232459316522450657701,14
864,756399496120236587501,14
865,6236520482640391919-01,14
866,1604850190822958918-01,14
867,5604757583947475729-01,14
868,543267034620295319301,14
869,166012023080247236301,14
870,183915264481260537901,14
871,2718055471983516175-01,14
872,796652538430824780001,14
873,3231932228276782624-01,14
874,5443280649113780013-01,14
875,8613121709088129720-01,14
876,2146109563754197853-01,14
877,124782051932190701601,14
878,683945828242273693-01,14
879,1393935211174324142-01,14
880,9043040760357628321-01,14
881,668355505794718250601,14
882,98559497798134171401,14
883,71450249899123556801,14
884,9215618990346910443-01,14
885,637669669526909635301,14
886,3302257636602983265-01,14
887,3637237985464357109-01,14
888,8272553165218535079-01,14
889,335878800938456365001,14
890,4274733736544424706-01,14
891,2778039769634940515-01,14
892,148914270361019201601,14
893,6950748328733822944-01,14
894,619746359937957823-01,14
895,8171819930375098207-01,14
896,771551449869402801801,14
897,744253944312659180801,14
898,7932952300624453908-01,14
899,496231311983405980901,14
900,5905646887340834839-01,14
901,2322845233477997953-01,14
902,2700217768232439953-01,14
903,529627013254697661401,14
904,1101609812830011527-01,14
905,270073944931383797-01,14
906,635639249379008454301,14
907,4628549877777018171-01,14
908,8512182965193033940-01,14
909,5849979771463060844-01,14
910,8715732280472576586-01,14
911,660542153464265875001,14
912,3821059198830156696-01,14
913,519798776268073976801,14
914,5783373062447467292-01,14
915,4860976485555577987-01,14
916,4098591781480658717-01,14
917,270062933512305298101,14
918,8289517989677909956-01,14
919,786444203145346082401,14
920,262860741808628925301,14
921,8935320995222320911-01,14
922,6525283300239206401-01,14
923,325075404650792935301,14
924,752572044737260629-01,14
925,661770052568934531401,14
926,8499262666480802097-01,14
927,1453269045162039529-01,14
928,11019923987973466-01,14
929,887610587226606316101,14
930,3650138719618153732-01,14
931,655234386765116399201,14
932,210318729096605981501,14
933,731198516324229153301,14
934,3414677054650523963-01,14
935,896545035502712685801,14
936,895982848892178389201,14
937,5940478615621739270-01,14
938,421743528224909018201,14
939,3435651258494414797-01,14
940,913195114020243062001,14
941,708203087231342028001,14
942,641404755089191103701,14
943,4180926850975414887-01,14
944,902961080333735113301,14
945,829776951395738522201,14
946,4068373305749644382-01,14
947,7413493209898127871-01,14
948,649288128600978841401,14
949,195092117914685703001,14
950,236866451901030441301,14
951,736411322043392066201,14
952,223443765192531287401,14
953,6408558703215588983-01,14
954,241354178080810238301,14
955,432159684409225864501,14
956,886199322869368194901,14
957,1089292791675290066-01,14
958,532139422013903867901,14
959,6674994980086618291-01,14
960,1440043069488182543-01,14
961,2191345610191471286-01,14
962,2141173976170305018-01,14
963,119716705954646264501,14
964,5889752937622712045-01,14
965,863265001882996036301,14
966,432945943630375494501,14
967,384435660263690539601,14
968,322172080783797116601,14
969,733528760565107228301,14
970,5478101051697195701,14
971,3256575885603371047-01,14
972,514082337388787244901,14
973,640410841376538009901,14
974,905401485005654980601,14
975,334714034241951298801,14
976,1734599433176990295-01,14
977,7760846612043880278-01,14
978,550386775195902795601,14
979,1915898689842901386-01,14
980,652151619450228130-01,14
981,8072761359922283166-01,14
982,318695661705520355601,14
983,6560797680309796533-01,14
984,109193310790384911401,14
985,3646972368030259697-01,14
986,910279347253626119001,14
987,8416722238854261274-01,14
988,7638110957774323591-01,14
989,26131899986223079601,14
990,6853116556014016982-01,14
991,455306267796243505501,14
992,110658425290115903101,14
993,667183864180300107101,14
994,564383310273031921101,14
995,5669821904137159488-01,14
996,9021769367118082504-01,14
997,101201483304619472-01,14
998,844263625105956183101,14
999,8405533228087499478-01,14
1000,7770458485246310974-01,14
1001,8285360023052238518-01,14
1002,5645093817209283426-01,14
1003,1169072549140732022-01,14
1004,5817305132487248442-01,14
1005,2797138325617769634-01,14
1006,124797628958386004401,14
1007,578619970150037645601,14
1008,2920723572717031107-01,14
1009,76679537276766090701,14
1010,5852803739372975227-01,14
1011,489183149983599817201,14
1012,7593604112414685468-01,14
1013,181849930436051183201,14
1014,2789725092300449941-01,14
1015,616559410083159434101,14
1016,9082495952880384907-01,14
1017,497001882765219029501,14
1018,742782450360386898401,14
1019,696615978947192450401,14
1020,53735489548296380801,14
1021,256037926280940673-01,14
1022,321906937689906016201,14
1023,3322245903798696571-01,14
1024,5647799819219943225-01,14
1025,911197516444225104301,14
1026,625157557626269832301,14
1027,7004361657998660606-01,14
1028,225710772489390441301,14
1029,303498695131065112701,14
1030,1054561468476434616-01,14
1031,7494699003077742839-01,14
1032,487227078604185818201,14
1033,861475525053099385-01,14
1034,868814538035343751201,14
1035,7274154929608993783-01,14
1036,5169924533398693671-01,14
1037,4017548112125914891-01,14
1038,947157393578335778-01,14
1039,3055996560537758905-01,14
1040,33381573656720490101,14
1041,6585376155780703986-01,14
1042,349997500233223632801,14
1043,8382379382914327191-01,14
1044,761764439197322415701,14
1045,6705655094186222072-01,14
1046,86866832137937620201,14
1047,371425584980052820001,14
1048,617436928091850373701,14
1049,4595990188815445739-01,14
1050,666718634676536019001,14
1051,150395367942797100901,14
1052,2334720686673740141-01,14
1053,3888580841991762206-01,14
1054,557770383801220307801,14
1055,750584489590607867501,14
1056,907165132857625196501,14
1057,89630412149396014001,14
1058,2421660226182030187-01,14
1059,7870977270388421332-01,14
1060,4940609654254464313-01,14
1061,8266385538361300844-01,14
1062,157704007246304492001,14
1063,1856347469204263988-01,14
1064,138505278343087745601,14
1065,849534920407816586901,14
1066,347794323069227813501,14
1067,2668969811771229994-01,14
1068,1927282216397455678-01,14
1069,223666634496339933101,14
1070,415749009910459576901,14
1071,3741482100551868161-01,14
1072,788621934974278894201,14
1073,153451947521239202301,14
1074,402457820026304576801,14
1075,8815128172382183273-01,14
1076,6875350102332642416-01,14
1077,7168890727027532851-01,14
1078,7467929717115182484-01,14
1079,8172642931773978657-01,14
1080,6714303896549794558-01,14
1081,5219529514580085289-01,14
1082,379416146910076665-01,14
1083,888503026552332580001,14
1084,6599527507366584293-01,14
1085,7546053695366287037-01,14
1086,244656340211172149301,14
1087,1048951969246336931-01,14
1088,284752585610623120601,14
1089,3629833318081190007-01,14
1090,5676216597607426101,14
1091,8061987422391001055-01,14
1092,670309764011295317201,14
1093,3826280196891335987-01,14
1094,1583803903558769140-01,14
1095,441308763784880798601,14
1096,632647332044002667001,14
1097,2022746190830149557-01,14
1098,76353288383359937601,14
1099,2298013044811852924-01,14
1100,804710291522161479201,14
1101,789791580158337436801,14
1102,469093913817200398601,14
1103,597519692446820831601,14
1104,761574755260645323901,14
1105,4771820655943307986-01,14
1106,2041797979216194194-01,14
1107,112542182809034697201,14
1108,564832533424318738101,14
1109,571620349331696308801,14
1110,21810594086170072601,14
1111,526486544927600109801,14
1112,8344995353668871845-01,14
1113,6367673102065289735-01,14
1114,503823562049360634-01,14
1115,3563854418033490501,14
1116,5174015486268280921-01,14
1117,14474721329950000901,14
1118,2648996731600029097-01,14
1119,907592703772218363301,14
1120,446567311888555240901,14
1121,640735180501998513401,14
1122,123323681919711420101,14
1123,3076667076127720198-01,14
1124,521323001141829830701,14
1125,8677854467616362436-01,14
1126,1487527474794679010-01,14
1127,480335809173258443501,14
1128,3658531776572433303-01,14
1129,6088829543428930728-01,14
1130,7250811706409429793-01,14
1131,4518249632474892871-01,14
1132,197367351310677561501,14
1133,4025752365958923948-01,14
1134,10343348908739128601,14
1135,8060515434214436185-01,14
1136,84762219688982306801,14
1137,803785092214026265001,14
1138,447420133531147727-01,14
1139,647173239528966638501,14
1140,991680548423505362-01,14
1141,104709042916709887701,14
1142,917900584598760058-01,14
1143,555655664891163464501,14
1144,781712635897241740501,14
1145,824811237155502558401,14
1146,1272718934805916402-01,14
1147,408741539909280850-01,14
1148,3744612458854768116-01,14
1149,731897615142931877001,14
1150,7683819012185096374-01,14
1151,390383859933295901301,14
1152,1765545389939019090-01,14
1153,628564386257455733101,14
1154,5006256618187719672-01,14
1155,5436060002690391477-01,14
1156,441125621396378100901,14
1157,8134233671779352110-01,14
1158,245067002071187368401,14
1159,877493178128417593101,14
1160,161044811394136349-01,14
1161,44917631935731388701,14
1162,147176859312457524801,14
1163,604056431024945792101,14
1164,879492514963504670401,14
1165,863478376970510086001,14
1166,3581280154279274474-01,14
1167,619064471126772000601,14
1168,735566290410982278201,14
1169,899078181272053499901,14
1170,140471239195781131201,14
1171,1352318531147146519-01,14
1172,6951533376869253665-01,14
1173,430595483832241044801,14
1174,1964461223787784606-01,14
1175,227273842604244161501,14
1176,9010970413189696812-01,14
1177,6815780907130387097-01,14
1178,1117546475011704978-01,14
1179,1700164522704075985-01,14
1180,651891756066752654901,14
1181,42866259753562055101,14
1182,3906765616282713509-01,14
1183,421535732638031734501,14
1184,340827695281603955701,14
1185,1495515086592809975-01,14
1186,3685601746689767949-01,14
1187,1490414462721598425-01,14
1188,91935829346275618301,14
1189,641071127912738088201,14
1190,240294889494605485901,14
1191,6628341467186399859-01,14
1192,821004944503164394401,14
1193,10202772056895403901,14
1194,306605035338679087201,14
1195,4621878515814100293-01,14
1196,783931326692438434101,14
1197,687739988436803394001,14
1198,633946484158238734401,14
1199,8734613714260092594-01,14
1200,2493784258940181325-01,14
1201,240990311938623587301,14
1202,2706815532617090139-01,14
1203,2096863453478416657-01,14
1204,6228209296458125934-01,14
1205,100711509490560594101,14
1206,342665286596736840201,14
1207,373832170813313889401,14
1208,386168679051246978001,14
1209,96558888870154586001,14
1210,694084866099735732101,14
1211,842568992222541829901,14
1212,401766181873410011701,14
1213,3548316041776884499-01,14
1214,9085687740961600254-01,14
1215,282869200121096277201,14
1216,815039578001608530701,14
1217,2725799597912402932-01,14
1218,377940508006990314-01,14
1219,313004989967366770001,14
1220,762850701617014872801,14
1221,1571051074447419812-01,14
1222,550509316739849594201,14
1223,292945073595166388401,14
1224,384745752614853153401,14
1225,1368848570167572058-01,14
1226,31403589106063099-01,14
1227,671966385049797746901,14
1228,41221206029078456801,14
1229,3691446581860596143-01,14
1230,693281937089197097401,14
1231,267827608285518646601,14
1232,708659771062251831601,14
1233,457438475542030284901,14
1234,7694149585887220946-01,14
1235,293851939422025562701,14
1236,694184571016148347401,14
1237,606169733494626503301,14
1238,21748005228169201,14
1239,449521351556603903801,14
1240,288770975424615256601,14
1241,614804303508015389801,14
1242,549731456520417221601,14
1243,5262969711870077631-01,14
1244,775007793262010525801,14
1245,824007834400282959201,14
1246,792209561839760251-01,14
1247,2157427394186606921-01,14
1248,5372163599488627764-01,14
1249,369428067720020539101,14
1250,4883851390364631517-01,14
1251,6539336600920590308-01,14
1252,3195712771641136397-01,14
1253,3788459999453763511-01,14
1254,107161139816482655801,14
1255,675631691130660292-01,14
1256,166248708762561952301,14
1257,8366265495152384515-01,14
1258,3358138393491371259-01,14
1259,914925191736097262401,14
1260,606807364551829415401,14
1261,78689998863911425901,14
1262,425341755406974455801,14
1263,347101806960180262301,14
1264,2858783693909620001,14
1265,132558120398599237301,14
1266,169515595946509512-01,14
1267,351529062034677912301,14
1268,5052512263378858322-01,14
1269,1952035819456569476-01,14
1270,9199609397836407731-01,14
1271,6609865490122340388-01,14
1272,231533619320971588401,14
1273,276497077491446802401,14
1274,8197571239752257247-01,14
1275,86160425629346892301,14
1276,789720191070844857701,14
1277,3573968449251221590-01,14
1278,236130143154679004301,14
1279,5087984096605208002-01,14
1280,2850543016265044898-01,14
1281,4237523712835846396-01,14
1282,187908437324836374201,14
1283,6992788291891939667-01,14
1284,137526412599800377-01,14
1285,246060742416932030701,14
1286,2776965725051166090-01,14
1287,4827167738913649240-01,14
1288,308666131041399669-01,14
1289,8136936286675780168-01,14
1290,5363384303088654941-01,14
1291,5375400662599112707-01,14
1292,8582659563840886592-01,14
1293,7399552659632647107-01,14
1294,7617865408287462158-01,14
1295,2415220744085779569-01,14
1296,292520454905503733801,14
1297,685135313617635904301,14
1298,658735574376293479401,14
1299,595918329045732665001,14
1300,12523186975305053301,14
1301,9140597062908875529-01,14
1302,5227789826627290808-01,14
1303,3366265931100461682-01,14
1304,591054642014305063701,14
1305,863445632702825048701,14
1306,37797965436258609501,14
1307,146906227009201278101,14
1308,7501062005437323125-01,14
1309,912238250880362302201,14
1310,135069531765615591701,14
1311,826690095176046031901,14
1312,390918639099332622-01,14
1313,906611334758299619501,14
1314,1545975368225180953-01,14
1315,152003754709020239201,14
1316,647823985798738790101,14
1317,885447294579719656401,14
1318,2347902722827330959-01,14
1319,1930790221861867829-01,14
1320,748266861236529918101,14
1321,554917410108183267001,14
1322,366718577458335053701,14
1323,495686802008919482901,14
1324,5871283152663067910-01,14
1325,5637612015351559606-01,14
1326,74062185454173573501,14
1327,54814032767995689801,14
1328,6263950592102427067-01,14
1329,3888485639464760881-01,14
1330,868570337033133109901,14
1331,913999709057024672901,14
1332,912838217169725573801,14
1333,4661150357388515625-01,14
1334,2780075941390353524-01,14
1335,685125460972737385701,14
1336,276322768551214656-01,14
1337,208154121117734967401,14
1338,287774407382947218501,14
1339,44717218407813160901,14
1340,263135588938366312901,14
1341,393370647629556040901,14
1342,7355452183218340616-01,14
1343,1205585033037245632-01,14
1344,1830769349024752363-01,14
1345,3980927298984691531-01,14
1346,595439272945404977701,14
1347,6963317686833503593-01,14
1348,479525807309416376401,14
1349,817177414450003688001,14
1350,4340834495811657320-01,14
1351,803681813139485126501,14
1352,7795841240222029804-01,14
1353,480854836131521667101,14
1354,882042300158729870301,14
1355,512022243187430132101,14
1356,8661193790681623029-01,14
1357,8976564512357364925-01,14
1358,333853355875390037511,14
1359,905692706734072245411,14
1360,610005728487865715511,14
1361,2281526226185427514-11,14
1362,4757485621896049730-11,14
1363,76252314139830481211,14
1364,732663160556716182211,14
1365,4107691524356843867-11,14
1366,586069860146200996311,14
1367,5759950622504356177-11,14
1368,349796214052856642511,14
1369,170892393945231444611,14
1370,6928183880862122068-11,14
1371,717679059933975420311,14
1372,833762658549903226811,14
1373,4803580873204870971-11,14
1374,860952625068543996911,14
1375,904317802812180795711,14
1376,367898642890552789111,14
1377,8539300231912555883-11,14
1378,466881696802936307511,14
1379,584100994366300477211,14
1380,31524694738486724411,14
1381,222927661446920593711,14
1382,7380437425272223629-11,14
1383,5683162925847924209-11,14
1384,608848804279730917-11,14
1385,6298580755486200222-11,14
1386,511685400990867393911,14
1387,5014604153794886431-11,14
1388,2681003344864898004-11,14
1389,6854869931999197521-11,14
1390,739529634791388828111,14
1391,3056961472967709759-11,14
1392,4858914940565470362-11,14
1393,7248352481822161445-11,14
1394,6942874072715131571-11,14
1395,692657810578107280711,14
1396,614802476719586537111,14
1397,3801172902694656714-11,14
1398,3890678183699306740-11,14
1399,587102664255962001811,14
1400,294078967214304083811,14
1401,9198363971856807855-11,14
1402,311114213319555354-11,14
1403,419369950594861127011,14
1404,1275036583330792059-11,14
1405,350876755042703792711,14
1406,139362931597999857511,14
1407,6386280213673763155-11,14
1408,754486699448419353211,14
1409,462217568319711749411,14
1410,762663921793842215811,14
1411,5881901384237611263-11,14
1412,388338331864639935111,14
1413,182907304303747555811,14
1414,19905090363929673111,14
1415,337857359440870999811,14
1416,1585680924803665469-11,14
1417,4699411356418071129-11,14
1418,906619222989696718411,14
1419,6594079765790776691-11,14
1420,516010715580804639511,14
1421,46604875694908050511,14
1422,7181889777105475249-11,14
1423,540437298472645277611,14
1424,7660762689308352272-11,14
1425,463848524506888009511,14
1426,180953108917911697411,14
1427,487014704645840197411,14
1428,353005131091470471311,14
1429,1364885590794537237-11,14
1430,6043053317121098513-11,14
1431,197128199143722540511,14
1432,6904952253219731783-11,14
1433,586889280769497917111,14
1434,1146279489479750804-11,14
1435,4622848939827531443-11,14
1436,336153197598693169011,14
1437,889974066392144563711,14
1438,551010676161916862-11,14
1439,341754581789617688111,14
1440,3906708515873095011-11,14
1441,356897977415050963911,14
1442,1288871389164008328-11,14
1443,857240547646253959611,14
1444,878749054782050296211,14
1445,3179741935249285312-11,14
1446,4116530345212339089-11,14
1447,2150874409475550404-11,14
1448,737128908819880198511,14
1449,251200357906053835411,14
1450,745319761922514982611,14
1451,889166643034013895911,14
1452,236581663553533644311,14
1453,199790817013872046-11,14
1454,4593684225666665401-11,14
1455,401263345907176917211,14
1456,738619363590241850111,14
1457,4982567173436243618-11,14
1458,5981381117212525743-11,14
1459,4837419237065135182-11,14
1460,9078781094385843977-11,14
1461,407580651305189708411,14
1462,842886446324184550011,14
1463,628184283620802433711,14
1464,394747374108129877811,14
1465,695219339743556563711,14
1466,800885337647055753711,14
1467,324666364510319897511,14
1468,251906410354597913811,14
1469,4876215308839496845-11,14
1470,4380825059351314835-11,14
1471,7604289623068654859-11,14
1472,7646646440889043303-11,14
1473,7418913265819889563-11,14
1474,890753545267291429811,14
1475,342208652625222817211,14
1476,9219582555188924021-11,14
1477,7538449119724842363-11,14
1478,325123613590870054211,14
1479,43694087001775411711,14
1480,3678145339401993125-11,14
1481,1499859272779845883-11,14
1482,4116378598182087314-11,14
1483,7525870403191158393-11,14
1484,835212863448607654611,14
1485,190516811904038518111,14
1486,237014794610006637711,14
1487,576588461510999978-11,14
1488,7075285518539628711,14
1489,4444141536502942809-11,14
1490,8825238478406560163-11,14
1491,522434989375054373511,14
1492,5270613482368673405-11,14
1493,596770611186089210111,14
1494,7509670282784248400-11,14
1495,626849767033485039511,14
1496,6397306982138376819-11,14
1497,57045667166911022611,14
1498,7257911301282874750-11,14
1499,835217927417749038211,14
1500,1645746171603028081-11,14
1501,648381112455142926811,14
1502,2780581973163167919-11,14
1503,401834864568430943811,14
1504,882140113449064148-11,14
1505,108642860815308659711,14
1506,8970003967386201902-11,14
1507,404029787653623152511,14
1508,91260445997631387611,14
1509,5992743541825536152-11,14
1510,578514160776290813511,14
1511,573847187256699011811,14
1512,37244444027921128111,14
1513,490191332524181170711,14
1514,6381927872817039202-11,14
1515,106963482204796699811,14
1516,440973011102746669911,14
1517,526670322824567294711,14
1518,8483896541847912977-11,14
1519,6627214624974914359-11,14
1520,886407431867406776311,14
1521,4423749261068894091-11,14
1522,2139056447768315329-11,14
1523,5712747004210747994-11,14
1524,125700023828204783411,14
1525,144785592763331571311,14
1526,4906774785890213739-11,14
1527,162557018852047413311,14
1528,3680484723766205729-11,14
1529,5879441219747857284-11,14
1530,4745793408013438203-11,14
1531,4501323649511912357-11,14
1532,171267213604928640911,14
1533,53552829442322263011,14
1534,487884343822288886311,14
1535,1975850284609758566-11,14
1536,6708627182587996422-11,14
1537,8934345955181395152-11,14
1538,298062329456139970111,14
1539,118719351279198454411,14
1540,8577006198086382342-11,14
1541,344196905968963916511,14
1542,354172863569776345-11,14
1543,772376785350454337711,14
1544,22325789797204447511,14
1545,1860836142826015651-11,14
1546,735768768712738718211,14
1547,6662147796406716893-11,14
1548,207446961754410429811,14
1549,381005895103517444211,14
1550,8567561751736865590-11,14
1551,1342667048050610636-11,14
1552,1721549143112697942-11,14
1553,545225226607411387911,14
1554,634322040843165641811,14
1555,6995871415945344035-11,14
1556,484416035168633654311,14
1557,886083222766255284211,14
1558,1918041086639775724-11,14
1559,865793047970066453-11,14
1560,5333723841756549627-11,14
1561,5112254787218534226-11,14
1562,9141873379010358229-11,14
1563,3583752265684432268-11,14
1564,7739978941933730487-11,14
1565,680225599226644617411,14
1566,404603691759250115911,14
1567,7384659069526912761-11,14
1568,579705154904423852311,14
1569,425651867688321857211,14
1570,471084478295805212911,14
1571,899247573095194540311,14
1572,640221191196722066511,14
1573,305415091321686586611,14
1574,333683337614969388-11,14
1575,172481862527184534611,14
1576,333951207675034528111,14
1577,407322157827179288911,14
1578,1277122893398381767-11,14
1579,5230173848634615080-11,14
1580,1941082638112926164-11,14
1581,6714602618861654630-11,14
1582,567418710574622760211,14
1583,5017614720415892686-11,14
1584,289196518832110111611,14
1585,8350094164981639033-11,14
1586,75108394377536861911,14
1587,4051431430372953464-11,14
1588,2063157125024480180-11,14
1589,107283303221451766811,14
1590,819022737708574759611,14
1591,852255500330494959611,14
1592,141284915893754811411,14
1593,4043535584279144572-11,14
1594,9017781927833954712-11,14
1595,679417392089244974411,14
1596,658596283560000965411,14
1597,74767850278450238811,14
1598,819193049358315964011,14
1599,320954459697142036311,14
1600,4107734998495778690-11,14
1601,4774843778415055475-11,14
1602,897787620349711608011,14
1603,519182630681874146111,14
1604,171906155857645426011,14
1605,60054961879783318111,14
1606,2677335531114934319-11,14
1607,7133534589103225514-11,14
1608,744578616756288650611,14
1609,505822413286473232811,14
1610,249981005798217848811,14
1611,191771127225555919911,14
1612,460176392014460601311,14
1613,148835174759322058811,14
1614,5021428736737988395-11,14
1615,2975358702989517620-11,14
1616,8531860244415026294-11,14
1617,605876160623919268411,14
1618,591284255788262281711,14
1619,492316925174615203611,14
1620,591234043812647030311,14
1621,139642890898805262-11,14
1622,96852244559810931711,14
1623,2575160173408593924-11,14
1624,888977372706452743-11,14
1625,411760393754515405411,14
1626,395636666511503948911,14
1627,563871313795204185811,14
1628,886145310576109595-11,14
1629,867874627507302315-11,14
1630,7028452221233494350-11,14
1631,750711521385834886211,14
1632,638723136272662609311,14
1633,836167414360586898511,14
1634,800803316757175013111,14
1635,125209497774306426311,14
1636,301182994216579023811,14
1637,1224434447198903273-11,14
1638,483496401146101594611,14
1639,864694306024420200911,14
1640,900999704278366870411,14
1641,696295005347969500411,14
1642,5505311303519984491-11,14
1643,740701878201996792411,14
1644,319923116438672660311,14
1645,8877854101317613736-11,14
1646,169924197137080958-11,14
1647,362760567548477790911,14
1648,1243537477096035369100,14
1649,4082174449147161409-100,14
1650,262482164871275332-100,14
1651,4213849969031524719100,14
1652,2955211785783161719-100,14
1653,3730013607710900324-100,14
1654,5783634403774815980-100,14
